Model,Accuracy,Precision,Recall,F1
Logistic Regression,0.891156462585034,0.6842105263157895,0.3333333333333333,0.4482758620689655
Decision Tree,0.7551020408163265,0.2608695652173913,0.46153846153846156,0.3333333333333333
Random Forest,0.8741496598639455,0.625,0.1282051282051282,0.2127659574468085
SVM,0.8333333333333334,0.3958333333333333,0.48717948717948717,0.4367816091954023
Naive Bayes,0.8401360544217688,0.42592592592592593,0.5897435897435898,0.4946236559139785
